-- Railway Database Export
-- Export Date: 2026-01-20T16:38:34.432Z


-- Table: players (30 rows)
INSERT INTO players (id, name, seed, created_at, avatar) VALUES (211, 'Cameron McLain', 1, '"2026-01-07T20:26:15.735Z"'::jsonb, NULL);
INSERT INTO players (id, name, seed, created_at, avatar) VALUES (213, 'SivaKumar', 3, '"2026-01-07T20:26:15.735Z"'::jsonb, NULL);
INSERT INTO players (id, name, seed, created_at, avatar) VALUES (214, 'Michael Schmidth', 4, '"2026-01-07T20:26:15.735Z"'::jsonb, NULL);
INSERT INTO players (id, name, seed, created_at, avatar) VALUES (215, 'Niketha', 5, '"2026-01-07T20:26:15.735Z"'::jsonb, NULL);
INSERT INTO players (id, name, seed, created_at, avatar) VALUES (217, 'Jonathan', 7, '"2026-01-07T20:26:15.735Z"'::jsonb, NULL);
INSERT INTO players (id, name, seed, created_at, avatar) VALUES (219, 'Sarah', 9, '"2026-01-07T20:26:15.735Z"'::jsonb, NULL);
INSERT INTO players (id, name, seed, created_at, avatar) VALUES (220, 'Spencer', 10, '"2026-01-07T20:26:15.735Z"'::jsonb, NULL);
INSERT INTO players (id, name, seed, created_at, avatar) VALUES (221, 'Adam Kelly', NULL, '"2026-01-07T20:26:15.735Z"'::jsonb, NULL);
INSERT INTO players (id, name, seed, created_at, avatar) VALUES (224, 'Dylan Rasmussen', NULL, '"2026-01-07T20:26:15.735Z"'::jsonb, NULL);
INSERT INTO players (id, name, seed, created_at, avatar) VALUES (225, 'Emma Gerken', NULL, '"2026-01-07T20:26:15.735Z"'::jsonb, NULL);
INSERT INTO players (id, name, seed, created_at, avatar) VALUES (226, 'Eric Miller', NULL, '"2026-01-07T20:26:15.735Z"'::jsonb, NULL);
INSERT INTO players (id, name, seed, created_at, avatar) VALUES (229, 'Michelle Caye', NULL, '"2026-01-07T20:26:15.735Z"'::jsonb, NULL);
INSERT INTO players (id, name, seed, created_at, avatar) VALUES (232, 'tbd', NULL, '"2026-01-08T22:46:34.178Z"'::jsonb, NULL);
INSERT INTO players (id, name, seed, created_at, avatar) VALUES (216, 'Ritesh Varma', 6, '"2026-01-07T20:26:15.735Z"'::jsonb, NULL);
INSERT INTO players (id, name, seed, created_at, avatar) VALUES (227, 'Karen Isaacs', NULL, '"2026-01-07T20:26:15.735Z"'::jsonb, NULL);
INSERT INTO players (id, name, seed, created_at, avatar) VALUES (212, 'Alan Smith', 2, '"2026-01-07T20:26:15.735Z"'::jsonb, NULL);
INSERT INTO players (id, name, seed, created_at, avatar) VALUES (231, 'Garrett', NULL, '"2026-01-07T20:26:15.735Z"'::jsonb, NULL);
INSERT INTO players (id, name, seed, created_at, avatar) VALUES (237, 'Sivakumar Ramamurthy', NULL, '"2026-01-10T01:29:50.143Z"'::jsonb, NULL);
INSERT INTO players (id, name, seed, created_at, avatar) VALUES (238, 'Paul’s Pong Patrol', NULL, '"2026-01-10T01:39:42.238Z"'::jsonb, NULL);
INSERT INTO players (id, name, seed, created_at, avatar) VALUES (222, 'Brian Pleiman', NULL, '"2026-01-07T20:26:15.735Z"'::jsonb, NULL);
INSERT INTO players (id, name, seed, created_at, avatar) VALUES (240, 'Ellen Burkart', NULL, '"2026-01-12T20:11:10.715Z"'::jsonb, NULL);
INSERT INTO players (id, name, seed, created_at, avatar) VALUES (241, 'Adam Nagle', NULL, '"2026-01-14T19:50:36.442Z"'::jsonb, NULL);
INSERT INTO players (id, name, seed, created_at, avatar) VALUES (242, 'Jacob Boedicker', NULL, '"2026-01-14T19:53:28.616Z"'::jsonb, NULL);
INSERT INTO players (id, name, seed, created_at, avatar) VALUES (223, 'Dave Sander', NULL, '"2026-01-07T20:26:15.735Z"'::jsonb, NULL);
INSERT INTO players (id, name, seed, created_at, avatar) VALUES (218, 'Allie Shaw', 8, '"2026-01-07T20:26:15.735Z"'::jsonb, NULL);
INSERT INTO players (id, name, seed, created_at, avatar) VALUES (245, 'Michael Schmidt', 4, '"2026-01-14T20:25:54.968Z"'::jsonb, NULL);
INSERT INTO players (id, name, seed, created_at, avatar) VALUES (228, 'Laura Harrah', NULL, '"2026-01-07T20:26:15.735Z"'::jsonb, NULL);
INSERT INTO players (id, name, seed, created_at, avatar) VALUES (247, 'Jonathan Friend', NULL, '"2026-01-15T00:29:40.281Z"'::jsonb, NULL);
INSERT INTO players (id, name, seed, created_at, avatar) VALUES (248, 'Alex Rider', NULL, '"2026-01-16T18:32:24.286Z"'::jsonb, NULL);
INSERT INTO players (id, name, seed, created_at, avatar) VALUES (230, 'Neha Badam', NULL, '"2026-01-07T20:26:15.735Z"'::jsonb, NULL);

-- Table: league_registration (17 rows)
INSERT INTO league_registration (id, player_name, email, is_ranked, matched_player_id, suggested_seed, admin_approved, final_seed, registration_status, created_at, updated_at) VALUES (4, 'Ritesh Varma', NULL, TRUE, 216, 6, TRUE, 6, 'approved', '"2026-01-09T18:49:00.641Z"'::jsonb, '"2026-01-10T01:46:16.729Z"'::jsonb);
INSERT INTO league_registration (id, player_name, email, is_ranked, matched_player_id, suggested_seed, admin_approved, final_seed, registration_status, created_at, updated_at) VALUES (6, 'Alan Smith', NULL, TRUE, 212, 2, TRUE, 2, 'approved', '"2026-01-10T00:49:33.005Z"'::jsonb, '"2026-01-10T01:46:23.930Z"'::jsonb);
INSERT INTO league_registration (id, player_name, email, is_ranked, matched_player_id, suggested_seed, admin_approved, final_seed, registration_status, created_at, updated_at) VALUES (9, 'Paul’s Pong Patrol', NULL, FALSE, NULL, NULL, TRUE, NULL, 'approved', '"2026-01-10T01:39:42.229Z"'::jsonb, '"2026-01-10T01:46:33.173Z"'::jsonb);
INSERT INTO league_registration (id, player_name, email, is_ranked, matched_player_id, suggested_seed, admin_approved, final_seed, registration_status, created_at, updated_at) VALUES (7, 'Garrett', NULL, TRUE, 231, NULL, TRUE, 11, 'approved', '"2026-01-10T00:53:42.778Z"'::jsonb, '"2026-01-14T19:54:18.609Z"'::jsonb);
INSERT INTO league_registration (id, player_name, email, is_ranked, matched_player_id, suggested_seed, admin_approved, final_seed, registration_status, created_at, updated_at) VALUES (10, 'Brian Pleiman', NULL, TRUE, 222, NULL, TRUE, NULL, 'approved', '"2026-01-12T19:22:32.487Z"'::jsonb, '"2026-01-14T19:54:22.140Z"'::jsonb);
INSERT INTO league_registration (id, player_name, email, is_ranked, matched_player_id, suggested_seed, admin_approved, final_seed, registration_status, created_at, updated_at) VALUES (13, 'Jacob Boedicker', NULL, FALSE, NULL, NULL, TRUE, NULL, 'approved', '"2026-01-14T19:53:28.605Z"'::jsonb, '"2026-01-14T19:54:43.481Z"'::jsonb);
INSERT INTO league_registration (id, player_name, email, is_ranked, matched_player_id, suggested_seed, admin_approved, final_seed, registration_status, created_at, updated_at) VALUES (12, 'Adam Nagle', NULL, FALSE, NULL, NULL, TRUE, NULL, 'approved', '"2026-01-14T19:50:36.423Z"'::jsonb, '"2026-01-14T19:54:45.711Z"'::jsonb);
INSERT INTO league_registration (id, player_name, email, is_ranked, matched_player_id, suggested_seed, admin_approved, final_seed, registration_status, created_at, updated_at) VALUES (5, 'Karen Isaacs', NULL, TRUE, 227, NULL, TRUE, NULL, 'approved', '"2026-01-10T00:46:48.342Z"'::jsonb, '"2026-01-14T19:55:06.906Z"'::jsonb);
INSERT INTO league_registration (id, player_name, email, is_ranked, matched_player_id, suggested_seed, admin_approved, final_seed, registration_status, created_at, updated_at) VALUES (11, 'Ellen Burkart', NULL, FALSE, NULL, NULL, TRUE, NULL, 'approved', '"2026-01-12T20:11:10.708Z"'::jsonb, '"2026-01-14T19:55:16.269Z"'::jsonb);
INSERT INTO league_registration (id, player_name, email, is_ranked, matched_player_id, suggested_seed, admin_approved, final_seed, registration_status, created_at, updated_at) VALUES (14, 'Dave Sander', NULL, TRUE, 223, NULL, TRUE, NULL, 'approved', '"2026-01-14T19:55:54.420Z"'::jsonb, '"2026-01-14T19:58:50.126Z"'::jsonb);
INSERT INTO league_registration (id, player_name, email, is_ranked, matched_player_id, suggested_seed, admin_approved, final_seed, registration_status, created_at, updated_at) VALUES (15, 'Allie Shaw', NULL, TRUE, 218, 8, TRUE, 8, 'approved', '"2026-01-14T19:57:08.064Z"'::jsonb, '"2026-01-14T20:04:25.753Z"'::jsonb);
INSERT INTO league_registration (id, player_name, email, is_ranked, matched_player_id, suggested_seed, admin_approved, final_seed, registration_status, created_at, updated_at) VALUES (8, 'Sivakumar Ramamurthy', NULL, FALSE, NULL, NULL, TRUE, 3, 'approved', '"2026-01-10T01:29:50.137Z"'::jsonb, '"2026-01-14T20:06:49.135Z"'::jsonb);
INSERT INTO league_registration (id, player_name, email, is_ranked, matched_player_id, suggested_seed, admin_approved, final_seed, registration_status, created_at, updated_at) VALUES (16, 'Michael Schmidt', NULL, TRUE, 214, 4, TRUE, 4, 'approved', '"2026-01-14T20:25:54.958Z"'::jsonb, '"2026-01-14T21:10:49.478Z"'::jsonb);
INSERT INTO league_registration (id, player_name, email, is_ranked, matched_player_id, suggested_seed, admin_approved, final_seed, registration_status, created_at, updated_at) VALUES (17, 'Laura Harrah', NULL, TRUE, 228, NULL, TRUE, NULL, 'approved', '"2026-01-14T20:48:52.776Z"'::jsonb, '"2026-01-14T21:11:16.811Z"'::jsonb);
INSERT INTO league_registration (id, player_name, email, is_ranked, matched_player_id, suggested_seed, admin_approved, final_seed, registration_status, created_at, updated_at) VALUES (18, 'Jonathan Friend', NULL, FALSE, NULL, NULL, TRUE, 7, 'approved', '"2026-01-15T00:29:40.261Z"'::jsonb, '"2026-01-15T00:43:33.120Z"'::jsonb);
INSERT INTO league_registration (id, player_name, email, is_ranked, matched_player_id, suggested_seed, admin_approved, final_seed, registration_status, created_at, updated_at) VALUES (19, 'Alex Rider', NULL, FALSE, NULL, NULL, FALSE, NULL, 'approved', '"2026-01-16T18:32:24.273Z"'::jsonb, '"2026-01-16T18:32:24.273Z"'::jsonb);
INSERT INTO league_registration (id, player_name, email, is_ranked, matched_player_id, suggested_seed, admin_approved, final_seed, registration_status, created_at, updated_at) VALUES (20, 'Neha Badam', NULL, TRUE, 230, NULL, TRUE, NULL, 'approved', '"2026-01-16T19:07:18.898Z"'::jsonb, '"2026-01-16T21:07:12.917Z"'::jsonb);

-- Table: league_config (1 rows)
INSERT INTO league_config (id, season_name, registration_open, registration_close_date, league_start_date, max_players, created_at, updated_at) VALUES (1, 'Winter League 2026', TRUE, NULL, NULL, 32, '"2026-01-08T22:27:49.788Z"'::jsonb, '"2026-01-08T22:27:49.788Z"'::jsonb);

-- Table: matches (62 rows)
INSERT INTO matches (id, round_type, round_number, match_number, player1, player2, winner, loser, score1, score2, is_bye, status, scheduled_time, created_at, completed_at) VALUES ('UB-R1-M1', 'upper', 1, 1, 'Cameron McLain', NULL, 'Cameron McLain', NULL, NULL, NULL, TRUE, 'completed', NULL, '"2026-01-07T20:26:15.805Z"'::jsonb, NULL);
INSERT INTO matches (id, round_type, round_number, match_number, player1, player2, winner, loser, score1, score2, is_bye, status, scheduled_time, created_at, completed_at) VALUES ('UB-R1-M2', 'upper', 1, 2, 'Eric Miller', 'Karen Isaacs', NULL, NULL, NULL, NULL, FALSE, 'pending', NULL, '"2026-01-07T20:26:15.805Z"'::jsonb, NULL);
INSERT INTO matches (id, round_type, round_number, match_number, player1, player2, winner, loser, score1, score2, is_bye, status, scheduled_time, created_at, completed_at) VALUES ('UB-R1-M3', 'upper', 1, 3, 'Allie Shaw', NULL, 'Allie Shaw', NULL, NULL, NULL, TRUE, 'completed', NULL, '"2026-01-07T20:26:15.805Z"'::jsonb, NULL);
INSERT INTO matches (id, round_type, round_number, match_number, player1, player2, winner, loser, score1, score2, is_bye, status, scheduled_time, created_at, completed_at) VALUES ('UB-R1-M4', 'upper', 1, 4, 'Sarah', NULL, 'Sarah', NULL, NULL, NULL, TRUE, 'completed', NULL, '"2026-01-07T20:26:15.805Z"'::jsonb, NULL);
INSERT INTO matches (id, round_type, round_number, match_number, player1, player2, winner, loser, score1, score2, is_bye, status, scheduled_time, created_at, completed_at) VALUES ('UB-R1-M5', 'upper', 1, 5, 'Michael Schmidth', NULL, 'Michael Schmidth', NULL, NULL, NULL, TRUE, 'completed', NULL, '"2026-01-07T20:26:15.805Z"'::jsonb, NULL);
INSERT INTO matches (id, round_type, round_number, match_number, player1, player2, winner, loser, score1, score2, is_bye, status, scheduled_time, created_at, completed_at) VALUES ('UB-R1-M6', 'upper', 1, 6, 'Dave Sander', 'Neha Badam', NULL, NULL, NULL, NULL, FALSE, 'pending', NULL, '"2026-01-07T20:26:15.805Z"'::jsonb, NULL);
INSERT INTO matches (id, round_type, round_number, match_number, player1, player2, winner, loser, score1, score2, is_bye, status, scheduled_time, created_at, completed_at) VALUES ('UB-R1-M7', 'upper', 1, 7, 'Niketha', NULL, 'Niketha', NULL, NULL, NULL, TRUE, 'completed', NULL, '"2026-01-07T20:26:15.805Z"'::jsonb, NULL);
INSERT INTO matches (id, round_type, round_number, match_number, player1, player2, winner, loser, score1, score2, is_bye, status, scheduled_time, created_at, completed_at) VALUES ('UB-R1-M8', 'upper', 1, 8, 'Brian Pleiman', 'Garrett', NULL, NULL, NULL, NULL, FALSE, 'pending', NULL, '"2026-01-07T20:26:15.805Z"'::jsonb, NULL);
INSERT INTO matches (id, round_type, round_number, match_number, player1, player2, winner, loser, score1, score2, is_bye, status, scheduled_time, created_at, completed_at) VALUES ('UB-R1-M9', 'upper', 1, 9, 'Alan Smith', NULL, 'Alan Smith', NULL, NULL, NULL, TRUE, 'completed', NULL, '"2026-01-07T20:26:15.805Z"'::jsonb, NULL);
INSERT INTO matches (id, round_type, round_number, match_number, player1, player2, winner, loser, score1, score2, is_bye, status, scheduled_time, created_at, completed_at) VALUES ('UB-R1-M10', 'upper', 1, 10, 'Emma Gerken', 'Laura Harrah', NULL, NULL, NULL, NULL, FALSE, 'pending', NULL, '"2026-01-07T20:26:15.805Z"'::jsonb, NULL);
INSERT INTO matches (id, round_type, round_number, match_number, player1, player2, winner, loser, score1, score2, is_bye, status, scheduled_time, created_at, completed_at) VALUES ('UB-R1-M11', 'upper', 1, 11, 'Jonathan', NULL, 'Jonathan', NULL, NULL, NULL, TRUE, 'completed', NULL, '"2026-01-07T20:26:15.805Z"'::jsonb, NULL);
INSERT INTO matches (id, round_type, round_number, match_number, player1, player2, winner, loser, score1, score2, is_bye, status, scheduled_time, created_at, completed_at) VALUES ('UB-R1-M12', 'upper', 1, 12, 'Spencer', NULL, 'Spencer', NULL, NULL, NULL, TRUE, 'completed', NULL, '"2026-01-07T20:26:15.805Z"'::jsonb, NULL);
INSERT INTO matches (id, round_type, round_number, match_number, player1, player2, winner, loser, score1, score2, is_bye, status, scheduled_time, created_at, completed_at) VALUES ('UB-R1-M13', 'upper', 1, 13, 'SivaKumar', NULL, 'SivaKumar', NULL, NULL, NULL, TRUE, 'completed', NULL, '"2026-01-07T20:26:15.805Z"'::jsonb, NULL);
INSERT INTO matches (id, round_type, round_number, match_number, player1, player2, winner, loser, score1, score2, is_bye, status, scheduled_time, created_at, completed_at) VALUES ('UB-R1-M14', 'upper', 1, 14, 'Dylan Rasmussen', 'Michelle Caye', NULL, NULL, NULL, NULL, FALSE, 'pending', NULL, '"2026-01-07T20:26:15.805Z"'::jsonb, NULL);
INSERT INTO matches (id, round_type, round_number, match_number, player1, player2, winner, loser, score1, score2, is_bye, status, scheduled_time, created_at, completed_at) VALUES ('UB-R1-M15', 'upper', 1, 15, 'Ritesh Varma', NULL, 'Ritesh Varma', NULL, NULL, NULL, TRUE, 'completed', NULL, '"2026-01-07T20:26:15.805Z"'::jsonb, NULL);
INSERT INTO matches (id, round_type, round_number, match_number, player1, player2, winner, loser, score1, score2, is_bye, status, scheduled_time, created_at, completed_at) VALUES ('UB-R1-M16', 'upper', 1, 16, 'Adam Kelly', NULL, 'Adam Kelly', NULL, NULL, NULL, TRUE, 'completed', NULL, '"2026-01-07T20:26:15.805Z"'::jsonb, NULL);
INSERT INTO matches (id, round_type, round_number, match_number, player1, player2, winner, loser, score1, score2, is_bye, status, scheduled_time, created_at, completed_at) VALUES ('UB-R2-M1', 'upper', 2, 1, 'Cameron McLain', NULL, NULL, NULL, NULL, NULL, FALSE, 'pending', NULL, '"2026-01-07T20:26:15.805Z"'::jsonb, NULL);
INSERT INTO matches (id, round_type, round_number, match_number, player1, player2, winner, loser, score1, score2, is_bye, status, scheduled_time, created_at, completed_at) VALUES ('UB-R2-M2', 'upper', 2, 2, 'Allie Shaw', 'Sarah', NULL, NULL, NULL, NULL, FALSE, 'pending', NULL, '"2026-01-07T20:26:15.805Z"'::jsonb, NULL);
INSERT INTO matches (id, round_type, round_number, match_number, player1, player2, winner, loser, score1, score2, is_bye, status, scheduled_time, created_at, completed_at) VALUES ('UB-R2-M3', 'upper', 2, 3, 'Michael Schmidth', NULL, NULL, NULL, NULL, NULL, FALSE, 'pending', NULL, '"2026-01-07T20:26:15.805Z"'::jsonb, NULL);
INSERT INTO matches (id, round_type, round_number, match_number, player1, player2, winner, loser, score1, score2, is_bye, status, scheduled_time, created_at, completed_at) VALUES ('UB-R2-M4', 'upper', 2, 4, 'Niketha', NULL, NULL, NULL, NULL, NULL, FALSE, 'pending', NULL, '"2026-01-07T20:26:15.805Z"'::jsonb, NULL);
INSERT INTO matches (id, round_type, round_number, match_number, player1, player2, winner, loser, score1, score2, is_bye, status, scheduled_time, created_at, completed_at) VALUES ('UB-R2-M5', 'upper', 2, 5, 'Alan Smith', NULL, NULL, NULL, NULL, NULL, FALSE, 'pending', NULL, '"2026-01-07T20:26:15.805Z"'::jsonb, NULL);
INSERT INTO matches (id, round_type, round_number, match_number, player1, player2, winner, loser, score1, score2, is_bye, status, scheduled_time, created_at, completed_at) VALUES ('UB-R2-M6', 'upper', 2, 6, 'Jonathan', 'Spencer', NULL, NULL, NULL, NULL, FALSE, 'pending', NULL, '"2026-01-07T20:26:15.805Z"'::jsonb, NULL);
INSERT INTO matches (id, round_type, round_number, match_number, player1, player2, winner, loser, score1, score2, is_bye, status, scheduled_time, created_at, completed_at) VALUES ('UB-R2-M7', 'upper', 2, 7, 'SivaKumar', NULL, NULL, NULL, NULL, NULL, FALSE, 'pending', NULL, '"2026-01-07T20:26:15.805Z"'::jsonb, NULL);
INSERT INTO matches (id, round_type, round_number, match_number, player1, player2, winner, loser, score1, score2, is_bye, status, scheduled_time, created_at, completed_at) VALUES ('UB-R2-M8', 'upper', 2, 8, 'Ritesh Varma', 'Adam Kelly', NULL, NULL, NULL, NULL, FALSE, 'pending', NULL, '"2026-01-07T20:26:15.805Z"'::jsonb, NULL);
INSERT INTO matches (id, round_type, round_number, match_number, player1, player2, winner, loser, score1, score2, is_bye, status, scheduled_time, created_at, completed_at) VALUES ('UB-R3-M1', 'upper', 3, 1, NULL, NULL, NULL, NULL, NULL, NULL, FALSE, 'pending', NULL, '"2026-01-07T20:26:15.805Z"'::jsonb, NULL);
INSERT INTO matches (id, round_type, round_number, match_number, player1, player2, winner, loser, score1, score2, is_bye, status, scheduled_time, created_at, completed_at) VALUES ('UB-R3-M2', 'upper', 3, 2, NULL, NULL, NULL, NULL, NULL, NULL, FALSE, 'pending', NULL, '"2026-01-07T20:26:15.805Z"'::jsonb, NULL);
INSERT INTO matches (id, round_type, round_number, match_number, player1, player2, winner, loser, score1, score2, is_bye, status, scheduled_time, created_at, completed_at) VALUES ('UB-R3-M3', 'upper', 3, 3, NULL, NULL, NULL, NULL, NULL, NULL, FALSE, 'pending', NULL, '"2026-01-07T20:26:15.805Z"'::jsonb, NULL);
INSERT INTO matches (id, round_type, round_number, match_number, player1, player2, winner, loser, score1, score2, is_bye, status, scheduled_time, created_at, completed_at) VALUES ('UB-R3-M4', 'upper', 3, 4, NULL, NULL, NULL, NULL, NULL, NULL, FALSE, 'pending', NULL, '"2026-01-07T20:26:15.805Z"'::jsonb, NULL);
INSERT INTO matches (id, round_type, round_number, match_number, player1, player2, winner, loser, score1, score2, is_bye, status, scheduled_time, created_at, completed_at) VALUES ('UB-R4-M1', 'upper', 4, 1, NULL, NULL, NULL, NULL, NULL, NULL, FALSE, 'pending', NULL, '"2026-01-07T20:26:15.805Z"'::jsonb, NULL);
INSERT INTO matches (id, round_type, round_number, match_number, player1, player2, winner, loser, score1, score2, is_bye, status, scheduled_time, created_at, completed_at) VALUES ('UB-R4-M2', 'upper', 4, 2, NULL, NULL, NULL, NULL, NULL, NULL, FALSE, 'pending', NULL, '"2026-01-07T20:26:15.805Z"'::jsonb, NULL);
INSERT INTO matches (id, round_type, round_number, match_number, player1, player2, winner, loser, score1, score2, is_bye, status, scheduled_time, created_at, completed_at) VALUES ('UB-R5-M1', 'upper', 5, 1, NULL, NULL, NULL, NULL, NULL, NULL, FALSE, 'pending', NULL, '"2026-01-07T20:26:15.805Z"'::jsonb, NULL);
INSERT INTO matches (id, round_type, round_number, match_number, player1, player2, winner, loser, score1, score2, is_bye, status, scheduled_time, created_at, completed_at) VALUES ('LB-R1-M1', 'lower', 1, 1, NULL, NULL, NULL, NULL, NULL, NULL, FALSE, 'pending', NULL, '"2026-01-07T20:26:15.805Z"'::jsonb, NULL);
INSERT INTO matches (id, round_type, round_number, match_number, player1, player2, winner, loser, score1, score2, is_bye, status, scheduled_time, created_at, completed_at) VALUES ('LB-R1-M2', 'lower', 1, 2, NULL, NULL, NULL, NULL, NULL, NULL, FALSE, 'pending', NULL, '"2026-01-07T20:26:15.805Z"'::jsonb, NULL);
INSERT INTO matches (id, round_type, round_number, match_number, player1, player2, winner, loser, score1, score2, is_bye, status, scheduled_time, created_at, completed_at) VALUES ('LB-R1-M3', 'lower', 1, 3, NULL, NULL, NULL, NULL, NULL, NULL, FALSE, 'pending', NULL, '"2026-01-07T20:26:15.805Z"'::jsonb, NULL);
INSERT INTO matches (id, round_type, round_number, match_number, player1, player2, winner, loser, score1, score2, is_bye, status, scheduled_time, created_at, completed_at) VALUES ('LB-R1-M4', 'lower', 1, 4, NULL, NULL, NULL, NULL, NULL, NULL, FALSE, 'pending', NULL, '"2026-01-07T20:26:15.805Z"'::jsonb, NULL);
INSERT INTO matches (id, round_type, round_number, match_number, player1, player2, winner, loser, score1, score2, is_bye, status, scheduled_time, created_at, completed_at) VALUES ('LB-R1-M5', 'lower', 1, 5, NULL, NULL, NULL, NULL, NULL, NULL, FALSE, 'pending', NULL, '"2026-01-07T20:26:15.805Z"'::jsonb, NULL);
INSERT INTO matches (id, round_type, round_number, match_number, player1, player2, winner, loser, score1, score2, is_bye, status, scheduled_time, created_at, completed_at) VALUES ('LB-R1-M6', 'lower', 1, 6, NULL, NULL, NULL, NULL, NULL, NULL, FALSE, 'pending', NULL, '"2026-01-07T20:26:15.805Z"'::jsonb, NULL);
INSERT INTO matches (id, round_type, round_number, match_number, player1, player2, winner, loser, score1, score2, is_bye, status, scheduled_time, created_at, completed_at) VALUES ('LB-R1-M7', 'lower', 1, 7, NULL, NULL, NULL, NULL, NULL, NULL, FALSE, 'pending', NULL, '"2026-01-07T20:26:15.805Z"'::jsonb, NULL);
INSERT INTO matches (id, round_type, round_number, match_number, player1, player2, winner, loser, score1, score2, is_bye, status, scheduled_time, created_at, completed_at) VALUES ('LB-R1-M8', 'lower', 1, 8, NULL, NULL, NULL, NULL, NULL, NULL, FALSE, 'pending', NULL, '"2026-01-07T20:26:15.805Z"'::jsonb, NULL);
INSERT INTO matches (id, round_type, round_number, match_number, player1, player2, winner, loser, score1, score2, is_bye, status, scheduled_time, created_at, completed_at) VALUES ('LB-R2-M1', 'lower', 2, 1, NULL, NULL, NULL, NULL, NULL, NULL, FALSE, 'pending', NULL, '"2026-01-07T20:26:15.805Z"'::jsonb, NULL);
INSERT INTO matches (id, round_type, round_number, match_number, player1, player2, winner, loser, score1, score2, is_bye, status, scheduled_time, created_at, completed_at) VALUES ('LB-R2-M2', 'lower', 2, 2, NULL, NULL, NULL, NULL, NULL, NULL, FALSE, 'pending', NULL, '"2026-01-07T20:26:15.805Z"'::jsonb, NULL);
INSERT INTO matches (id, round_type, round_number, match_number, player1, player2, winner, loser, score1, score2, is_bye, status, scheduled_time, created_at, completed_at) VALUES ('LB-R2-M3', 'lower', 2, 3, NULL, NULL, NULL, NULL, NULL, NULL, FALSE, 'pending', NULL, '"2026-01-07T20:26:15.805Z"'::jsonb, NULL);
INSERT INTO matches (id, round_type, round_number, match_number, player1, player2, winner, loser, score1, score2, is_bye, status, scheduled_time, created_at, completed_at) VALUES ('LB-R2-M4', 'lower', 2, 4, NULL, NULL, NULL, NULL, NULL, NULL, FALSE, 'pending', NULL, '"2026-01-07T20:26:15.805Z"'::jsonb, NULL);
INSERT INTO matches (id, round_type, round_number, match_number, player1, player2, winner, loser, score1, score2, is_bye, status, scheduled_time, created_at, completed_at) VALUES ('LB-R2-M5', 'lower', 2, 5, NULL, NULL, NULL, NULL, NULL, NULL, FALSE, 'pending', NULL, '"2026-01-07T20:26:15.805Z"'::jsonb, NULL);
INSERT INTO matches (id, round_type, round_number, match_number, player1, player2, winner, loser, score1, score2, is_bye, status, scheduled_time, created_at, completed_at) VALUES ('LB-R2-M6', 'lower', 2, 6, NULL, NULL, NULL, NULL, NULL, NULL, FALSE, 'pending', NULL, '"2026-01-07T20:26:15.805Z"'::jsonb, NULL);
INSERT INTO matches (id, round_type, round_number, match_number, player1, player2, winner, loser, score1, score2, is_bye, status, scheduled_time, created_at, completed_at) VALUES ('LB-R2-M7', 'lower', 2, 7, NULL, NULL, NULL, NULL, NULL, NULL, FALSE, 'pending', NULL, '"2026-01-07T20:26:15.805Z"'::jsonb, NULL);
INSERT INTO matches (id, round_type, round_number, match_number, player1, player2, winner, loser, score1, score2, is_bye, status, scheduled_time, created_at, completed_at) VALUES ('LB-R2-M8', 'lower', 2, 8, NULL, NULL, NULL, NULL, NULL, NULL, FALSE, 'pending', NULL, '"2026-01-07T20:26:15.805Z"'::jsonb, NULL);
INSERT INTO matches (id, round_type, round_number, match_number, player1, player2, winner, loser, score1, score2, is_bye, status, scheduled_time, created_at, completed_at) VALUES ('LB-R3-M1', 'lower', 3, 1, NULL, NULL, NULL, NULL, NULL, NULL, FALSE, 'pending', NULL, '"2026-01-07T20:26:15.805Z"'::jsonb, NULL);
INSERT INTO matches (id, round_type, round_number, match_number, player1, player2, winner, loser, score1, score2, is_bye, status, scheduled_time, created_at, completed_at) VALUES ('LB-R3-M2', 'lower', 3, 2, NULL, NULL, NULL, NULL, NULL, NULL, FALSE, 'pending', NULL, '"2026-01-07T20:26:15.805Z"'::jsonb, NULL);
INSERT INTO matches (id, round_type, round_number, match_number, player1, player2, winner, loser, score1, score2, is_bye, status, scheduled_time, created_at, completed_at) VALUES ('LB-R3-M3', 'lower', 3, 3, NULL, NULL, NULL, NULL, NULL, NULL, FALSE, 'pending', NULL, '"2026-01-07T20:26:15.805Z"'::jsonb, NULL);
INSERT INTO matches (id, round_type, round_number, match_number, player1, player2, winner, loser, score1, score2, is_bye, status, scheduled_time, created_at, completed_at) VALUES ('LB-R3-M4', 'lower', 3, 4, NULL, NULL, NULL, NULL, NULL, NULL, FALSE, 'pending', NULL, '"2026-01-07T20:26:15.805Z"'::jsonb, NULL);
INSERT INTO matches (id, round_type, round_number, match_number, player1, player2, winner, loser, score1, score2, is_bye, status, scheduled_time, created_at, completed_at) VALUES ('LB-R4-M1', 'lower', 4, 1, NULL, NULL, NULL, NULL, NULL, NULL, FALSE, 'pending', NULL, '"2026-01-07T20:26:15.805Z"'::jsonb, NULL);
INSERT INTO matches (id, round_type, round_number, match_number, player1, player2, winner, loser, score1, score2, is_bye, status, scheduled_time, created_at, completed_at) VALUES ('LB-R4-M2', 'lower', 4, 2, NULL, NULL, NULL, NULL, NULL, NULL, FALSE, 'pending', NULL, '"2026-01-07T20:26:15.805Z"'::jsonb, NULL);
INSERT INTO matches (id, round_type, round_number, match_number, player1, player2, winner, loser, score1, score2, is_bye, status, scheduled_time, created_at, completed_at) VALUES ('LB-R4-M3', 'lower', 4, 3, NULL, NULL, NULL, NULL, NULL, NULL, FALSE, 'pending', NULL, '"2026-01-07T20:26:15.805Z"'::jsonb, NULL);
INSERT INTO matches (id, round_type, round_number, match_number, player1, player2, winner, loser, score1, score2, is_bye, status, scheduled_time, created_at, completed_at) VALUES ('LB-R4-M4', 'lower', 4, 4, NULL, NULL, NULL, NULL, NULL, NULL, FALSE, 'pending', NULL, '"2026-01-07T20:26:15.805Z"'::jsonb, NULL);
INSERT INTO matches (id, round_type, round_number, match_number, player1, player2, winner, loser, score1, score2, is_bye, status, scheduled_time, created_at, completed_at) VALUES ('LB-R5-M1', 'lower', 5, 1, NULL, NULL, NULL, NULL, NULL, NULL, FALSE, 'pending', NULL, '"2026-01-07T20:26:15.805Z"'::jsonb, NULL);
INSERT INTO matches (id, round_type, round_number, match_number, player1, player2, winner, loser, score1, score2, is_bye, status, scheduled_time, created_at, completed_at) VALUES ('LB-R5-M2', 'lower', 5, 2, NULL, NULL, NULL, NULL, NULL, NULL, FALSE, 'pending', NULL, '"2026-01-07T20:26:15.805Z"'::jsonb, NULL);
INSERT INTO matches (id, round_type, round_number, match_number, player1, player2, winner, loser, score1, score2, is_bye, status, scheduled_time, created_at, completed_at) VALUES ('LB-R6-M1', 'lower', 6, 1, NULL, NULL, NULL, NULL, NULL, NULL, FALSE, 'pending', NULL, '"2026-01-07T20:26:15.805Z"'::jsonb, NULL);
INSERT INTO matches (id, round_type, round_number, match_number, player1, player2, winner, loser, score1, score2, is_bye, status, scheduled_time, created_at, completed_at) VALUES ('LB-R6-M2', 'lower', 6, 2, NULL, NULL, NULL, NULL, NULL, NULL, FALSE, 'pending', NULL, '"2026-01-07T20:26:15.805Z"'::jsonb, NULL);
INSERT INTO matches (id, round_type, round_number, match_number, player1, player2, winner, loser, score1, score2, is_bye, status, scheduled_time, created_at, completed_at) VALUES ('LB-R7-M1', 'lower', 7, 1, NULL, NULL, NULL, NULL, NULL, NULL, FALSE, 'pending', NULL, '"2026-01-07T20:26:15.805Z"'::jsonb, NULL);
INSERT INTO matches (id, round_type, round_number, match_number, player1, player2, winner, loser, score1, score2, is_bye, status, scheduled_time, created_at, completed_at) VALUES ('LB-R8-M1', 'lower', 8, 1, NULL, NULL, NULL, NULL, NULL, NULL, FALSE, 'pending', NULL, '"2026-01-07T20:26:15.805Z"'::jsonb, NULL);
INSERT INTO matches (id, round_type, round_number, match_number, player1, player2, winner, loser, score1, score2, is_bye, status, scheduled_time, created_at, completed_at) VALUES ('GF-1', 'grand', 1, 0, NULL, NULL, NULL, NULL, NULL, NULL, FALSE, 'pending', NULL, '"2026-01-07T20:26:15.805Z"'::jsonb, NULL);

-- Table: leaderboard (34 rows)
INSERT INTO leaderboard (id, player_name, weekly_wins, weekly_losses, weekly_points, weekly_matches_played, alltime_wins, alltime_losses, alltime_points, alltime_matches_played, week_start, updated_at) VALUES (25, 'SivaKumar', 9, 7, 25, 16, 71, 73, 215, 144, '"2026-01-11T05:00:00.000Z"'::jsonb, '"2026-01-08T19:37:03.574Z"'::jsonb);
INSERT INTO leaderboard (id, player_name, weekly_wins, weekly_losses, weekly_points, weekly_matches_played, alltime_wins, alltime_losses, alltime_points, alltime_matches_played, week_start, updated_at) VALUES (55, 'Michael Schmidt', 8, 7, 23, 15, 30, 27, 87, 57, '"2026-01-11T05:00:00.000Z"'::jsonb, '"2026-01-08T19:37:04.297Z"'::jsonb);
INSERT INTO leaderboard (id, player_name, weekly_wins, weekly_losses, weekly_points, weekly_matches_played, alltime_wins, alltime_losses, alltime_points, alltime_matches_played, week_start, updated_at) VALUES (45, 'A3', 6, 6, 18, 12, 27, 32, 86, 59, '"2026-01-11T05:00:00.000Z"'::jsonb, '"2026-01-08T19:36:03.959Z"'::jsonb);
INSERT INTO leaderboard (id, player_name, weekly_wins, weekly_losses, weekly_points, weekly_matches_played, alltime_wins, alltime_losses, alltime_points, alltime_matches_played, week_start, updated_at) VALUES (43, 'A1', 10, 10, 30, 20, 60, 45, 165, 105, '"2026-01-11T05:00:00.000Z"'::jsonb, '"2026-01-08T19:36:04.227Z"'::jsonb);
INSERT INTO leaderboard (id, player_name, weekly_wins, weekly_losses, weekly_points, weekly_matches_played, alltime_wins, alltime_losses, alltime_points, alltime_matches_played, week_start, updated_at) VALUES (47, 'A4', 6, 6, 18, 12, 27, 27, 81, 54, '"2026-01-11T05:00:00.000Z"'::jsonb, '"2026-01-08T19:36:04.469Z"'::jsonb);
INSERT INTO leaderboard (id, player_name, weekly_wins, weekly_losses, weekly_points, weekly_matches_played, alltime_wins, alltime_losses, alltime_points, alltime_matches_played, week_start, updated_at) VALUES (44, 'A2', 6, 6, 18, 12, 32, 32, 96, 64, '"2026-01-11T05:00:00.000Z"'::jsonb, '"2026-01-08T19:36:04.469Z"'::jsonb);
INSERT INTO leaderboard (id, player_name, weekly_wins, weekly_losses, weekly_points, weekly_matches_played, alltime_wins, alltime_losses, alltime_points, alltime_matches_played, week_start, updated_at) VALUES (34, 'Dave Sander', 5, 11, 21, 16, 67, 83, 217, 150, '"2026-01-11T05:00:00.000Z"'::jsonb, '"2026-01-08T19:37:06.622Z"'::jsonb);
INSERT INTO leaderboard (id, player_name, weekly_wins, weekly_losses, weekly_points, weekly_matches_played, alltime_wins, alltime_losses, alltime_points, alltime_matches_played, week_start, updated_at) VALUES (29, 'Niketha', 6, 9, 21, 15, 63, 71, 197, 134, '"2026-01-11T05:00:00.000Z"'::jsonb, '"2026-01-08T19:37:07.575Z"'::jsonb);
INSERT INTO leaderboard (id, player_name, weekly_wins, weekly_losses, weekly_points, weekly_matches_played, alltime_wins, alltime_losses, alltime_points, alltime_matches_played, week_start, updated_at) VALUES (32, 'Brian Pleiman', 7, 11, 25, 18, 71, 84, 226, 155, '"2026-01-11T05:00:00.000Z"'::jsonb, '"2026-01-08T19:37:08.319Z"'::jsonb);
INSERT INTO leaderboard (id, player_name, weekly_wins, weekly_losses, weekly_points, weekly_matches_played, alltime_wins, alltime_losses, alltime_points, alltime_matches_played, week_start, updated_at) VALUES (41, 'Eric Miller', 6, 9, 21, 15, 70, 75, 215, 145, '"2026-01-11T05:00:00.000Z"'::jsonb, '"2026-01-08T19:37:08.319Z"'::jsonb);
INSERT INTO leaderboard (id, player_name, weekly_wins, weekly_losses, weekly_points, weekly_matches_played, alltime_wins, alltime_losses, alltime_points, alltime_matches_played, week_start, updated_at) VALUES (28, 'Jonathan', 7, 9, 23, 16, 64, 74, 202, 138, '"2026-01-11T05:00:00.000Z"'::jsonb, '"2026-01-08T19:37:09.860Z"'::jsonb);
INSERT INTO leaderboard (id, player_name, weekly_wins, weekly_losses, weekly_points, weekly_matches_played, alltime_wins, alltime_losses, alltime_points, alltime_matches_played, week_start, updated_at) VALUES (39, 'Michelle Caye', 8, 7, 23, 15, 71, 65, 207, 136, '"2026-01-11T05:00:00.000Z"'::jsonb, '"2026-01-08T19:37:09.860Z"'::jsonb);
INSERT INTO leaderboard (id, player_name, weekly_wins, weekly_losses, weekly_points, weekly_matches_played, alltime_wins, alltime_losses, alltime_points, alltime_matches_played, week_start, updated_at) VALUES (37, 'Dylan Rasmussen', 6, 12, 24, 18, 70, 79, 219, 149, '"2026-01-11T05:00:00.000Z"'::jsonb, '"2026-01-08T19:37:10.361Z"'::jsonb);
INSERT INTO leaderboard (id, player_name, weekly_wins, weekly_losses, weekly_points, weekly_matches_played, alltime_wins, alltime_losses, alltime_points, alltime_matches_played, week_start, updated_at) VALUES (31, 'Ritesh Varma', 5, 10, 20, 15, 52, 82, 186, 134, '"2026-01-11T05:00:00.000Z"'::jsonb, '"2026-01-08T19:37:10.626Z"'::jsonb);
INSERT INTO leaderboard (id, player_name, weekly_wins, weekly_losses, weekly_points, weekly_matches_played, alltime_wins, alltime_losses, alltime_points, alltime_matches_played, week_start, updated_at) VALUES (22, 'Cameron McLain', 6, 9, 21, 15, 81, 79, 241, 160, '"2026-01-11T05:00:00.000Z"'::jsonb, '"2026-01-08T19:37:10.914Z"'::jsonb);
INSERT INTO leaderboard (id, player_name, weekly_wins, weekly_losses, weekly_points, weekly_matches_played, alltime_wins, alltime_losses, alltime_points, alltime_matches_played, week_start, updated_at) VALUES (51, 'B3', 6, 6, 18, 12, 27, 32, 86, 59, '"2026-01-11T05:00:00.000Z"'::jsonb, '"2026-01-08T19:36:09.148Z"'::jsonb);
INSERT INTO leaderboard (id, player_name, weekly_wins, weekly_losses, weekly_points, weekly_matches_played, alltime_wins, alltime_losses, alltime_points, alltime_matches_played, week_start, updated_at) VALUES (49, 'B1', 10, 10, 30, 20, 55, 50, 160, 105, '"2026-01-11T05:00:00.000Z"'::jsonb, '"2026-01-08T19:36:09.435Z"'::jsonb);
INSERT INTO leaderboard (id, player_name, weekly_wins, weekly_losses, weekly_points, weekly_matches_played, alltime_wins, alltime_losses, alltime_points, alltime_matches_played, week_start, updated_at) VALUES (53, 'B4', 6, 6, 18, 12, 27, 32, 86, 59, '"2026-01-11T05:00:00.000Z"'::jsonb, '"2026-01-08T19:36:09.682Z"'::jsonb);
INSERT INTO leaderboard (id, player_name, weekly_wins, weekly_losses, weekly_points, weekly_matches_played, alltime_wins, alltime_losses, alltime_points, alltime_matches_played, week_start, updated_at) VALUES (50, 'B2', 6, 6, 18, 12, 32, 32, 96, 64, '"2026-01-11T05:00:00.000Z"'::jsonb, '"2026-01-08T19:36:09.682Z"'::jsonb);
INSERT INTO leaderboard (id, player_name, weekly_wins, weekly_losses, weekly_points, weekly_matches_played, alltime_wins, alltime_losses, alltime_points, alltime_matches_played, week_start, updated_at) VALUES (46, 'A5', 8, 6, 22, 14, 36, 27, 99, 63, '"2026-01-11T05:00:00.000Z"'::jsonb, '"2026-01-08T19:36:09.952Z"'::jsonb);
INSERT INTO leaderboard (id, player_name, weekly_wins, weekly_losses, weekly_points, weekly_matches_played, alltime_wins, alltime_losses, alltime_points, alltime_matches_played, week_start, updated_at) VALUES (52, 'B5', 6, 8, 20, 14, 27, 36, 90, 63, '"2026-01-11T05:00:00.000Z"'::jsonb, '"2026-01-08T19:36:09.952Z"'::jsonb);
INSERT INTO leaderboard (id, player_name, weekly_wins, weekly_losses, weekly_points, weekly_matches_played, alltime_wins, alltime_losses, alltime_points, alltime_matches_played, week_start, updated_at) VALUES (48, 'A6', 8, 6, 22, 14, 34, 32, 100, 66, '"2026-01-11T05:00:00.000Z"'::jsonb, '"2026-01-08T19:36:10.228Z"'::jsonb);
INSERT INTO leaderboard (id, player_name, weekly_wins, weekly_losses, weekly_points, weekly_matches_played, alltime_wins, alltime_losses, alltime_points, alltime_matches_played, week_start, updated_at) VALUES (54, 'B6', 6, 8, 20, 14, 27, 34, 88, 61, '"2026-01-11T05:00:00.000Z"'::jsonb, '"2026-01-08T19:36:10.228Z"'::jsonb);
INSERT INTO leaderboard (id, player_name, weekly_wins, weekly_losses, weekly_points, weekly_matches_played, alltime_wins, alltime_losses, alltime_points, alltime_matches_played, week_start, updated_at) VALUES (30, 'Spencer', 8, 5, 21, 13, 66, 51, 183, 117, '"2026-01-11T05:00:00.000Z"'::jsonb, '"2026-01-08T19:37:11.633Z"'::jsonb);
INSERT INTO leaderboard (id, player_name, weekly_wins, weekly_losses, weekly_points, weekly_matches_played, alltime_wins, alltime_losses, alltime_points, alltime_matches_played, week_start, updated_at) VALUES (27, 'Allie Shaw', 7, 9, 23, 16, 60, 71, 191, 131, '"2026-01-11T05:00:00.000Z"'::jsonb, '"2026-01-08T19:37:11.901Z"'::jsonb);
INSERT INTO leaderboard (id, player_name, weekly_wins, weekly_losses, weekly_points, weekly_matches_played, alltime_wins, alltime_losses, alltime_points, alltime_matches_played, week_start, updated_at) VALUES (40, 'Laura Harrah', 7, 10, 24, 17, 61, 76, 198, 137, '"2026-01-11T05:00:00.000Z"'::jsonb, '"2026-01-08T19:37:12.324Z"'::jsonb);
INSERT INTO leaderboard (id, player_name, weekly_wins, weekly_losses, weekly_points, weekly_matches_played, alltime_wins, alltime_losses, alltime_points, alltime_matches_played, week_start, updated_at) VALUES (38, 'Emma Gerken', 9, 9, 27, 18, 77, 67, 221, 144, '"2026-01-11T05:00:00.000Z"'::jsonb, '"2026-01-08T19:37:12.606Z"'::jsonb);
INSERT INTO leaderboard (id, player_name, weekly_wins, weekly_losses, weekly_points, weekly_matches_played, alltime_wins, alltime_losses, alltime_points, alltime_matches_played, week_start, updated_at) VALUES (36, 'Neha Badam', 10, 6, 26, 16, 74, 64, 212, 138, '"2026-01-11T05:00:00.000Z"'::jsonb, '"2026-01-08T19:37:12.855Z"'::jsonb);
INSERT INTO leaderboard (id, player_name, weekly_wins, weekly_losses, weekly_points, weekly_matches_played, alltime_wins, alltime_losses, alltime_points, alltime_matches_played, week_start, updated_at) VALUES (24, 'Sarah', 8, 6, 22, 14, 68, 58, 194, 126, '"2026-01-11T05:00:00.000Z"'::jsonb, '"2026-01-08T19:37:13.119Z"'::jsonb);
INSERT INTO leaderboard (id, player_name, weekly_wins, weekly_losses, weekly_points, weekly_matches_played, alltime_wins, alltime_losses, alltime_points, alltime_matches_played, week_start, updated_at) VALUES (42, 'Karen Isaacs', 13, 4, 30, 17, 79, 70, 228, 149, '"2026-01-11T05:00:00.000Z"'::jsonb, '"2026-01-08T19:37:13.533Z"'::jsonb);
INSERT INTO leaderboard (id, player_name, weekly_wins, weekly_losses, weekly_points, weekly_matches_played, alltime_wins, alltime_losses, alltime_points, alltime_matches_played, week_start, updated_at) VALUES (35, 'Garrett', 12, 6, 30, 18, 84, 60, 228, 144, '"2026-01-11T05:00:00.000Z"'::jsonb, '"2026-01-08T19:37:13.791Z"'::jsonb);
INSERT INTO leaderboard (id, player_name, weekly_wins, weekly_losses, weekly_points, weekly_matches_played, alltime_wins, alltime_losses, alltime_points, alltime_matches_played, week_start, updated_at) VALUES (33, 'Adam Kelly', 13, 10, 36, 23, 94, 79, 267, 173, '"2026-01-11T05:00:00.000Z"'::jsonb, '"2026-01-08T19:37:14.233Z"'::jsonb);
INSERT INTO leaderboard (id, player_name, weekly_wins, weekly_losses, weekly_points, weekly_matches_played, alltime_wins, alltime_losses, alltime_points, alltime_matches_played, week_start, updated_at) VALUES (23, 'Alan Smith', 12, 6, 30, 18, 70, 65, 205, 135, '"2026-01-11T05:00:00.000Z"'::jsonb, '"2026-01-08T19:37:14.233Z"'::jsonb);
INSERT INTO leaderboard (id, player_name, weekly_wins, weekly_losses, weekly_points, weekly_matches_played, alltime_wins, alltime_losses, alltime_points, alltime_matches_played, week_start, updated_at) VALUES (26, 'Michael Schmidth', 45, 35, 125, 80, 45, 35, 125, 80, '"2026-01-09T05:00:00.000Z"'::jsonb, '"2026-01-08T01:43:36.332Z"'::jsonb);

-- Table: availability (10 rows)
INSERT INTO availability (id, player_name, date, time_slot, created_at) VALUES (218, 'Alan Smith', '2026-01-04', '10:30', '"2026-01-08T22:23:12.457Z"'::jsonb);
INSERT INTO availability (id, player_name, date, time_slot, created_at) VALUES (219, 'Alan Smith', '2026-01-04', '11:00', '"2026-01-08T22:23:12.457Z"'::jsonb);
INSERT INTO availability (id, player_name, date, time_slot, created_at) VALUES (220, 'Alan Smith', '2026-01-04', '12:00', '"2026-01-08T22:23:12.457Z"'::jsonb);
INSERT INTO availability (id, player_name, date, time_slot, created_at) VALUES (221, 'Alan Smith', '2026-01-04', '11:30', '"2026-01-08T22:23:12.457Z"'::jsonb);
INSERT INTO availability (id, player_name, date, time_slot, created_at) VALUES (222, 'Alan Smith', '2026-01-04', '16:30', '"2026-01-08T22:23:12.457Z"'::jsonb);
INSERT INTO availability (id, player_name, date, time_slot, created_at) VALUES (223, 'Alan Smith', '2026-01-04', '16:00', '"2026-01-08T22:23:12.457Z"'::jsonb);
INSERT INTO availability (id, player_name, date, time_slot, created_at) VALUES (224, 'Alan Smith', '2026-01-04', '15:30', '"2026-01-08T22:23:12.457Z"'::jsonb);
INSERT INTO availability (id, player_name, date, time_slot, created_at) VALUES (225, 'Alan Smith', '2026-01-04', '14:30', '"2026-01-08T22:23:12.457Z"'::jsonb);
INSERT INTO availability (id, player_name, date, time_slot, created_at) VALUES (226, 'Alan Smith', '2026-01-04', '12:30', '"2026-01-08T22:23:12.457Z"'::jsonb);
INSERT INTO availability (id, player_name, date, time_slot, created_at) VALUES (227, 'Alan Smith', '2026-01-04', '15:00', '"2026-01-08T22:23:12.457Z"'::jsonb);

-- Table: bracket_meta (1 rows)
INSERT INTO bracket_meta (id, bracket_size, player_count, num_rounds, status, created_at, updated_at) VALUES (1, 32, 21, 5, 'active', '"2026-01-07T20:26:15.805Z"'::jsonb, '"2026-01-07T20:26:15.805Z"'::jsonb);

-- Table: push_subscriptions (1 rows)
INSERT INTO push_subscriptions (id, player_name, endpoint, p256dh, auth, created_at, updated_at) VALUES (1, 'Ritesh Varma', 'https://fcm.googleapis.com/fcm/send/eAV3p9Qc7B4:APA91bE0NsFw5ipXebykSk2lADu-FvBMSK8Ovb3ARu5fUo1xggXgcXc5SuDVYOMWt5wzpwTgKt1RnHwLPP-YaA8tscLKyBEaVl_yetfTcpzLTloWd-Bz3jDaWWPELjLcHq5Oh6fnEsXa', 'BLWnjrCDkDIuimI8_1uAcfdryiv7LOVqAyoxCJEvowQfSySywVgsWQGZDcJbVGDEp1hnSGJPFXnksfL5R4H0DDo', 'v9lvZ1fq0skQxmRC3ZaQ5Q', '"2026-01-15T02:07:46.413Z"'::jsonb, '"2026-01-15T02:07:46.413Z"'::jsonb);
